{
   "name" : "CRANEL_SINGLE_QUEC_FLASH_LAYOUT_8M_OPEN",
   "partitions" : [
      {
         "format" : "flash",
         "name" : "qspi",
         "partitions" : [
            {
               "format" : "ubi",
               "name" : "bootloader",
               "size" : "88KiB"
            },
            {
               "format" : "part",
               "name" : "system",
               "partitions" : [
                  {
                     "format" : "raw",
                     "name" : "ptable",
                     "size" : "4KiB"
                  },
                  {
                     "format" : "raw",
                     "name" : "fwcerts",
                     "size" : "12KiB"
                  },
                  {
                     "format" : "raw",
                     "name" : "rd",
                     "size" : "32KiB"
                  },
                  {
                     "format" : "raw",
                     "name" : "cp",
                     "size" : "0"
                  },
                  {
                     "format" : "raw",
                     "name" : "dsp",
                     "size" : "0"
                  },
                  {
                     "format" : "raw",
                     "name" : "rfbin",
                     "size" : "0"
                  },
                  {
                     "disable" : false,
                     "format" : "raw",
                     "name" : "logo",
                     "size" : "0"
                  }
               ],
               "size" : "0"
            },
            {
               "format" : "raw",
               "name" : "reserved",
               "size" : "-1"
            },
            {
               "disable" : false,
               "format" : "raw",
               "name" : "customer_app",
               "size" : "1920KiB"
            },
            {
               "disable" : false,
               "format" : "raw",
               "name" : "customer_fs",
               "size" : "576KiB"
            },
            {
               "disable" : false,
               "format" : "raw",
               "name" : "customer_backup_fs",
               "size" : "64KiB"
            },
            {
               "format" : "raw",
               "name" : "fota_pkg",
               "size" : "64KiB"
            },
            {
               "format" : "raw",
               "name" : "nvm",
               "size" : "384KiB"
            },
            {
               "disable" : false,
               "format" : "raw",
               "name" : "secdat",
               "size" : "64KiB"
            },
            {
               "format" : "raw",
               "name" : "erase_rd",
               "size" : "4KiB"
            },
            {
               "format" : "raw",
               "name" : "updater",
               "size" : "128KiB"
            },
            {
               "format" : "raw",
               "name" : "fota_param",
               "size" : "12KiB"
            },
            {
               "format" : "raw",
               "name" : "quec_cfg",
               "size" : "32KiB"
            },
            {
               "format" : "part",
               "name" : "factory",
               "partitions" : [
                  {
                     "format" : "raw",
                     "name" : "factory_a",
                     "size" : "32KiB"
                  },
                  {
                     "format" : "raw",
                     "name" : "factory_b",
                     "size" : "32KiB"
                  }
               ],
               "size" : "0"
            }
         ],
         "vstart" : "0x80000000"
      }
   ]
}
